{"name":"59cf0c48-6903-4362-b7a6-2d6776c269d8","id":"/providers/Microsoft.Flow/flows/59cf0c48-6903-4362-b7a6-2d6776c269d8","type":"Microsoft.Flow/flows","properties":{"apiId":"/providers/Microsoft.PowerApps/apis/shared_logicflows","displayName":"Location Log Template","definition":{"metadata":{"workflowEntityId":null,"creator":{"id":"424acf49-8f16-46d6-8e36-04613f0bc442","type":"User","tenantId":"2821cf92-86ad-4c7b-ba9a-5c79a70d4a21"},"provisioningMethod":"FromDefinition","failureAlertSubscription":true,"clientLastModifiedTime":"2019-07-10T15:13:46.0735817Z"},"$schema":"https://schema.management.azure.com/providers/Microsoft.Logic/schemas/2016-06-01/workflowdefinition.json#","contentVersion":"1.0.0.0","parameters":{"$authentication":{"defaultValue":{},"type":"SecureObject"}},"triggers":{"manual":{"type":"Request","kind":"Geofence","inputs":{"parameters":{"serializedGeofence":{"type":"Circle","latitude":47.643434696317136,"longitude":-122.14205669389771,"radius":35}}}}},"actions":{"HTTP":{"runAfter":{},"type":"Http","inputs":{"method":"POST","uri":"https://prod-111.westus.logic.azure.com:443/workflows/91c0ec441abb450bbe4283bfb2c5f2da/triggers/manual/paths/invoke?api-version=2016-06-01&sp=%2Ftriggers%2Fmanual%2Frun&sv=1.0&sig=SrOfO1y97n618aLEd_jvKiaAQD6G5LIij6CuTtCGFXo","body":{"lat":"@{triggerOutputs()['centerLatitude']}","long":"@{triggerOutputs()['centerLongitude']}","user":"useremail"}}}},"outputs":{}},"connectionReferences":{},"flowFailureAlertSubscribed":false}}