{"name":"418bf84b-d158-403e-9dcd-d8dec179142e","id":"/providers/Microsoft.Flow/flows/418bf84b-d158-403e-9dcd-d8dec179142e","type":"Microsoft.Flow/flows","properties":{"apiId":"/providers/Microsoft.PowerApps/apis/shared_logicflows","displayName":"Trigger New Flow","definition":{"metadata":{"workflowEntityId":null,"creator":{"id":"424acf49-8f16-46d6-8e36-04613f0bc442","type":"User","tenantId":"2821cf92-86ad-4c7b-ba9a-5c79a70d4a21"},"provisioningMethod":"FromDefinition","failureAlertSubscription":true,"clientLastModifiedTime":"2019-07-18T09:16:19.8092365Z"},"$schema":"https://schema.management.azure.com/providers/Microsoft.Logic/schemas/2016-06-01/workflowdefinition.json#","contentVersion":"1.0.0.0","parameters":{"$connections":{"defaultValue":{},"type":"Object"},"$authentication":{"defaultValue":{},"type":"SecureObject"}},"triggers":{"manual":{"type":"Request","kind":"Http","inputs":{"schema":{"type":"object","properties":{"Account":{"type":"string"},"user":{"type":"string"}}},"method":"POST"}}},"actions":{"Get_Account":{"runAfter":{},"metadata":{"flowSystemMetadata":{"swaggerOperationId":"GetItem_V2"}},"type":"ApiConnection","inputs":{"host":{"connection":{"name":"@parameters('$connections')['shared_commondataservice']['connectionId']"},"api":{"runtimeUrl":"https://unitedstates-002.azure-apim.net/apim/commondataservice"}},"method":"get","path":"/v2/datasets/@{encodeURIComponent(encodeURIComponent('orga8679c63.crm'))}/tables/@{encodeURIComponent(encodeURIComponent('accounts'))}/items/@{encodeURIComponent(encodeURIComponent(triggerBody()?['Account']))}","authentication":"@parameters('$authentication')"}},"Get_user_profile_(V2)":{"runAfter":{"Init_Flow_Def_String":["Succeeded"]},"metadata":{"flowSystemMetadata":{"swaggerOperationId":"UserProfile_V2"}},"type":"ApiConnection","inputs":{"host":{"connection":{"name":"@parameters('$connections')['shared_office365users']['connectionId']"},"api":{"runtimeUrl":"https://unitedstates-002.azure-apim.net/apim/office365users"}},"method":"get","path":"/codeless/v1.0/users/@{encodeURIComponent(triggerBody()?['user'])}","authentication":"@parameters('$authentication')"}},"If_there_is_a_flow_already":{"actions":{"Send_an_email_(V2)":{"runAfter":{},"metadata":{"flowSystemMetadata":{"swaggerOperationId":"SendEmailV2"}},"type":"ApiConnection","inputs":{"host":{"connection":{"name":"@parameters('$connections')['shared_office365']['connectionId']"},"api":{"runtimeUrl":"https://unitedstates-002.azure-apim.net/apim/office365"}},"method":"post","body":{"To":"CarlC@CRM568082.onmicrosoft.com;","Subject":"test","Body":"<p>@{triggerBody()}</p>"},"path":"/v2/Mail","authentication":"@parameters('$authentication')"}}},"runAfter":{"Filter_array":["Succeeded"]},"else":{"actions":{"Replace_Lat_Long":{"runAfter":{"Replace_Long":["Succeeded"]},"type":"Compose","inputs":"@replace(replace( variables('flowdefstring'),'47.643434696317136',outputs('Replace_Lat')),'-122.14205669389771',outputs('Replace_Long'))"},"Convert_Template_Def_to_string":{"runAfter":{},"type":"SetVariable","inputs":{"name":"flowdefstring","value":"@{string(body('Get_Template_Flow')['properties']['definition'])}"}},"Set_variable_3":{"runAfter":{"Replace_Lat_Long":["Succeeded"]},"type":"SetVariable","inputs":{"name":"flowdefstring","value":"@{outputs('Replace_Lat_Long')}"}},"Create_Flow":{"runAfter":{"Set_variable_3":["Succeeded"]},"metadata":{"flowSystemMetadata":{"swaggerOperationId":"CreateFlow"}},"type":"ApiConnection","inputs":{"host":{"connection":{"name":"@parameters('$connections')['shared_flowmanagement']['connectionId']"},"api":{"runtimeUrl":"https://unitedstates-002.azure-apim.net/apim/flowmanagement"}},"method":"post","body":{"properties":{"displayName":"Location Log - @{body('Get_Account')?['name']} - @{triggerBody()?['user']}","definition":"@json(variables('flowdefstring'))","state":"Started"}},"path":"/environments/@{encodeURIComponent('714e1fd9-65c5-43c6-ae59-8d5b6425f82a')}/flows","authentication":"@parameters('$authentication')"}},"Modify_Flow_Owners":{"runAfter":{"Create_Flow":["Succeeded"]},"metadata":{"flowSystemMetadata":{"swaggerOperationId":"ModifyFlowOwners"}},"type":"ApiConnection","inputs":{"host":{"connection":{"name":"@parameters('$connections')['shared_flowmanagement']['connectionId']"},"api":{"runtimeUrl":"https://unitedstates-002.azure-apim.net/apim/flowmanagement"}},"method":"post","body":{"put":[{"properties":{"principal":{"id":"@body('Get_user_profile_(V2)')?['id']","type":"User"}}}]},"path":"/environments/@{encodeURIComponent('714e1fd9-65c5-43c6-ae59-8d5b6425f82a')}/flows/@{encodeURIComponent(body('Create_Flow')?['name'])}/modifyOwners","authentication":"@parameters('$authentication')"}},"Replace_Lat":{"runAfter":{"Convert_Template_Def_to_string":["Succeeded"]},"type":"Compose","inputs":"@concat(string(body('Get_Account')?['address1_latitude']),'111111')"},"Replace_Long":{"runAfter":{"Replace_Lat":["Succeeded"]},"type":"Compose","inputs":"@concat(string(body('Get_Account')?['address1_longitude']),'11111111111')"}}},"expression":{"greater":["@length(body('Filter_array'))",0]},"type":"If"},"Get_Template_Flow":{"runAfter":{"List_My_Flows":["Succeeded"]},"metadata":{"flowSystemMetadata":{"swaggerOperationId":"GetFlow"}},"type":"ApiConnection","inputs":{"host":{"connection":{"name":"@parameters('$connections')['shared_flowmanagement']['connectionId']"},"api":{"runtimeUrl":"https://unitedstates-002.azure-apim.net/apim/flowmanagement"}},"method":"get","path":"/environments/@{encodeURIComponent('714e1fd9-65c5-43c6-ae59-8d5b6425f82a')}/flows/@{encodeURIComponent('59cf0c48-6903-4362-b7a6-2d6776c269d8')}","authentication":"@parameters('$authentication')"}},"Init_FlowName":{"runAfter":{"Get_Account":["Succeeded"]},"type":"InitializeVariable","inputs":{"variables":[{"name":"FlowName","type":"String","value":"Location Log - @{body('Get_Account')?['name']} - @{triggerBody()?['user']}"}]}},"Convert_List_of_Flows":{"runAfter":{"Get_Template_Flow":["Succeeded"]},"type":"ParseJson","inputs":{"content":"@body('List_My_Flows')","schema":{"type":"object","properties":{"value":{"type":"array","items":{"type":"object","properties":{"name":{"type":"string"},"id":{"type":"string"},"type":{"type":"string"},"properties":{"type":"object","properties":{"apiId":{"type":"string"},"displayName":{"type":"string"},"state":{"type":"string"},"sharingType":{"type":"string"},"createdTime":{"type":"string"},"lastModifiedTime":{"type":"string"},"environment":{"type":"object","properties":{"name":{"type":"string"},"type":{"type":"string"},"id":{"type":"string"}}},"definitionSummary":{"type":"object","properties":{"triggers":{"type":"array","items":{"type":"object","properties":{"type":{"type":"string"},"swaggerOperationId":{"type":"string"}}}},"actions":{"type":"array","items":{"type":"object","properties":{"type":{"type":"string"},"swaggerOperationId":{"type":"string"}},"required":["type"]}}}},"creator":{"type":"object","properties":{"tenantId":{"type":"string"},"objectId":{"type":"string"},"userId":{"type":"string"},"userType":{"type":"string"}}},"provisioningMethod":{"type":"string"},"flowFailureAlertSubscribed":{"type":"boolean"},"workflowEntityId":{"type":"string"}}}},"required":["name","id","type","properties"]}},"nextLink":{"type":"string"}}}}},"Filter_array":{"runAfter":{"Convert_List_of_Flows":["Succeeded"]},"type":"Query","inputs":{"from":"@body('Convert_List_of_Flows')?['value']","where":"@equals(item()?['properties']?['displayName'], variables('FlowName'))"}},"Init_Flow_Def_String":{"runAfter":{"Init_FlowName":["Succeeded"]},"type":"InitializeVariable","inputs":{"variables":[{"name":"flowdefstring","type":"String"}]}},"List_My_Flows":{"runAfter":{"Get_user_profile_(V2)":["Succeeded"]},"metadata":{"flowSystemMetadata":{"swaggerOperationId":"ListMyFlows"}},"type":"ApiConnection","inputs":{"host":{"connection":{"name":"@parameters('$connections')['shared_flowmanagement']['connectionId']"},"api":{"runtimeUrl":"https://unitedstates-002.azure-apim.net/apim/flowmanagement"}},"method":"get","path":"/environments/@{encodeURIComponent('714e1fd9-65c5-43c6-ae59-8d5b6425f82a')}/flows","authentication":"@parameters('$authentication')"}}},"outputs":{}},"connectionReferences":{"shared_commondataservice":{"connectionName":"58b6c94625834dffbd8453c64a13ae9c","source":"Embedded","id":"/providers/Microsoft.PowerApps/apis/shared_commondataservice","tier":"NotSpecified"},"shared_office365users":{"connectionName":"shared-office365user-ac044e43-30a1-4b89-90f3-336459e35438","source":"Embedded","id":"/providers/Microsoft.PowerApps/apis/shared_office365users","tier":"NotSpecified"},"shared_office365":{"connectionName":"8fbf747d3dc240dc84713923dd67d211","source":"Embedded","id":"/providers/Microsoft.PowerApps/apis/shared_office365","tier":"NotSpecified"},"shared_flowmanagement":{"connectionName":"shared-flowmanagemen-9db7978d-2740-4a0b-931b-b231e066cd81","source":"Embedded","id":"/providers/Microsoft.PowerApps/apis/shared_flowmanagement","tier":"NotSpecified"}},"flowFailureAlertSubscribed":false}}