<ImportExportXml version="9.1.0.7625" SolutionPackageVersion="9.1" languagecode="1033" generatedBy="CrmLive" xmlns:xsi="http://www.w3.org/2001/XMLSchema-instance">
  <SolutionManifest>
    <UniqueName>Security</UniqueName>
    <LocalizedNames>
      <LocalizedName description="Security" languagecode="1033" />
    </LocalizedNames>
    <Descriptions />
    <Version>1.0.0.1</Version>
    <Managed>0</Managed>
    <Publisher>
      <UniqueName>ccdemo</UniqueName>
      <LocalizedNames>
        <LocalizedName description="CC Demo" languagecode="1033" />
      </LocalizedNames>
      <Descriptions />
      <EMailAddress xsi:nil="true"></EMailAddress>
      <SupportingWebsiteUrl xsi:nil="true"></SupportingWebsiteUrl>
      <CustomizationPrefix>cc</CustomizationPrefix>
      <CustomizationOptionValuePrefix>94812</CustomizationOptionValuePrefix>
      <Addresses>
        <Address>
          <AddressNumber>1</AddressNumber>
          <AddressTypeCode>1</AddressTypeCode>
          <City xsi:nil="true"></City>
          <County xsi:nil="true"></County>
          <Country xsi:nil="true"></Country>
          <Fax xsi:nil="true"></Fax>
          <FreightTermsCode xsi:nil="true"></FreightTermsCode>
          <ImportSequenceNumber xsi:nil="true"></ImportSequenceNumber>
          <Latitude xsi:nil="true"></Latitude>
          <Line1 xsi:nil="true"></Line1>
          <Line2 xsi:nil="true"></Line2>
          <Line3 xsi:nil="true"></Line3>
          <Longitude xsi:nil="true"></Longitude>
          <Name xsi:nil="true"></Name>
          <PostalCode xsi:nil="true"></PostalCode>
          <PostOfficeBox xsi:nil="true"></PostOfficeBox>
          <PrimaryContactName xsi:nil="true"></PrimaryContactName>
          <ShippingMethodCode>1</ShippingMethodCode>
          <StateOrProvince xsi:nil="true"></StateOrProvince>
          <Telephone1 xsi:nil="true"></Telephone1>
          <Telephone2 xsi:nil="true"></Telephone2>
          <Telephone3 xsi:nil="true"></Telephone3>
          <TimeZoneRuleVersionNumber xsi:nil="true"></TimeZoneRuleVersionNumber>
          <UPSZone xsi:nil="true"></UPSZone>
          <UTCOffset xsi:nil="true"></UTCOffset>
          <UTCConversionTimeZoneCode xsi:nil="true"></UTCConversionTimeZoneCode>
        </Address>
        <Address>
          <AddressNumber>2</AddressNumber>
          <AddressTypeCode>1</AddressTypeCode>
          <City xsi:nil="true"></City>
          <County xsi:nil="true"></County>
          <Country xsi:nil="true"></Country>
          <Fax xsi:nil="true"></Fax>
          <FreightTermsCode xsi:nil="true"></FreightTermsCode>
          <ImportSequenceNumber xsi:nil="true"></ImportSequenceNumber>
          <Latitude xsi:nil="true"></Latitude>
          <Line1 xsi:nil="true"></Line1>
          <Line2 xsi:nil="true"></Line2>
          <Line3 xsi:nil="true"></Line3>
          <Longitude xsi:nil="true"></Longitude>
          <Name xsi:nil="true"></Name>
          <PostalCode xsi:nil="true"></PostalCode>
          <PostOfficeBox xsi:nil="true"></PostOfficeBox>
          <PrimaryContactName xsi:nil="true"></PrimaryContactName>
          <ShippingMethodCode>1</ShippingMethodCode>
          <StateOrProvince xsi:nil="true"></StateOrProvince>
          <Telephone1 xsi:nil="true"></Telephone1>
          <Telephone2 xsi:nil="true"></Telephone2>
          <Telephone3 xsi:nil="true"></Telephone3>
          <TimeZoneRuleVersionNumber xsi:nil="true"></TimeZoneRuleVersionNumber>
          <UPSZone xsi:nil="true"></UPSZone>
          <UTCOffset xsi:nil="true"></UTCOffset>
          <UTCConversionTimeZoneCode xsi:nil="true"></UTCConversionTimeZoneCode>
        </Address>
      </Addresses>
    </Publisher>
    <RootComponents>
      <RootComponent type="1" schemaName="systemuser" behavior="2" />
      <RootComponent type="60" id="{c2413504-7eb2-4c59-a087-95d819866114}" />
      <RootComponent type="60" id="{c2cd9e55-d4b4-4b55-9951-16ead79643e5}" />
      <RootComponent type="300" schemaName="cc_app2_f114f" behavior="0" />
      <RootComponent type="300" schemaName="cc_app3_04154" behavior="0" />
      <RootComponent type="300" schemaName="cc_seconuserform2_b8e74" behavior="0" />
      <RootComponent type="300" schemaName="cc_seconuserform_ea117" behavior="0" />
      <RootComponent type="300" schemaName="cc_securityforform_77773" behavior="0" />
      <RootComponent type="300" schemaName="cc_security_efcef" behavior="0" />
    </RootComponents>
    <MissingDependencies>
      <MissingDependency>
        <Required key="0" type="2" schemaName="territoryid" displayName="Territory" parentSchemaName="systemuser" parentDisplayName="User" solution="msdynce_AppCommon (9.0.4.0066)" />
        <Dependent key="1" type="60" displayName="User" parentDisplayName="User" id="{c2cd9e55-d4b4-4b55-9951-16ead79643e5}" />
      </MissingDependency>
      <MissingDependency>
        <Required key="2" type="2" schemaName="siteid" displayName="Site" parentSchemaName="systemuser" parentDisplayName="User" solution="msdynce_Service (9.0.5.56)" />
        <Dependent key="1" type="60" displayName="User" parentDisplayName="User" id="{c2cd9e55-d4b4-4b55-9951-16ead79643e5}" />
      </MissingDependency>
      <MissingDependency>
        <Required key="3" type="2" schemaName="msdyusd_usdconfigurationid" displayName="Unified Service Desk Configuration" parentSchemaName="systemuser" parentDisplayName="User" solution="DynamicsUnifiedServiceDesk (2.2.0.755)" />
        <Dependent key="1" type="60" displayName="User" parentDisplayName="User" id="{c2cd9e55-d4b4-4b55-9951-16ead79643e5}" />
      </MissingDependency>
      <MissingDependency>
        <Required key="4" type="2" schemaName="new_testconfidential" displayName="testconfidential" parentSchemaName="systemuser" parentDisplayName="User" solution="Active" />
        <Dependent key="1" type="60" displayName="User" parentDisplayName="User" id="{c2cd9e55-d4b4-4b55-9951-16ead79643e5}" />
      </MissingDependency>
      <MissingDependency>
        <Required key="5" type="10" schemaName="msdyusd_configuration_users" displayName="msdyusd_configuration_users" parentSchemaName="systemuser" parentDisplayName="User" solution="DynamicsUnifiedServiceDesk (2.2.0.755)" />
        <Dependent key="1" type="60" displayName="User" parentDisplayName="User" id="{c2cd9e55-d4b4-4b55-9951-16ead79643e5}" />
      </MissingDependency>
      <MissingDependency>
        <Required key="6" type="10" schemaName="msdyn_systemuser_msdyn_expense_manager" displayName="msdyn_systemuser_msdyn_expense_manager" parentSchemaName="msdyn_expense" parentDisplayName="Expense" solution="ProjectService (3.7.0.59)" />
        <Dependent key="1" type="60" displayName="User" parentDisplayName="User" id="{c2cd9e55-d4b4-4b55-9951-16ead79643e5}" />
      </MissingDependency>
      <MissingDependency>
        <Required key="7" type="10" schemaName="msdyn_accountmanager_quote" displayName="msdyn_accountmanager_quote" parentSchemaName="quote" parentDisplayName="Quote" solution="ProjectService (3.7.0.59)" />
        <Dependent key="1" type="60" displayName="User" parentDisplayName="User" id="{c2cd9e55-d4b4-4b55-9951-16ead79643e5}" />
      </MissingDependency>
      <MissingDependency>
        <Required key="8" type="10" schemaName="msdyn_systemuser_msdyn_project_projectmanager" displayName="msdyn_systemuser_msdyn_project_projectmanager" parentSchemaName="msdyn_project" parentDisplayName="Project" solution="ProjectService (3.7.0.59)" />
        <Dependent key="1" type="60" displayName="User" parentDisplayName="User" id="{c2cd9e55-d4b4-4b55-9951-16ead79643e5}" />
      </MissingDependency>
      <MissingDependency>
        <Required key="9" type="10" schemaName="msdyn_systemuser_msdyn_projectapproval_Manager" displayName="msdyn_systemuser_msdyn_projectapproval_Manager" parentSchemaName="msdyn_projectapproval" parentDisplayName="Project Approval" solution="ProjectService (3.7.0.59)" />
        <Dependent key="1" type="60" displayName="User" parentDisplayName="User" id="{c2cd9e55-d4b4-4b55-9951-16ead79643e5}" />
      </MissingDependency>
      <MissingDependency>
        <Required key="10" type="10" schemaName="msdyn_accountmanager_salesorder" displayName="msdyn_accountmanager_salesorder" parentSchemaName="salesorder" parentDisplayName="Order" solution="ProjectService (3.7.0.59)" />
        <Dependent key="1" type="60" displayName="User" parentDisplayName="User" id="{c2cd9e55-d4b4-4b55-9951-16ead79643e5}" />
      </MissingDependency>
      <MissingDependency>
        <Required key="11" type="10" schemaName="msdyn_accountmanager_opportunity" displayName="msdyn_accountmanager_opportunity" parentSchemaName="opportunity" parentDisplayName="Opportunity" solution="ProjectService (3.7.0.59)" />
        <Dependent key="1" type="60" displayName="User" parentDisplayName="User" id="{c2cd9e55-d4b4-4b55-9951-16ead79643e5}" />
      </MissingDependency>
      <MissingDependency>
        <Required key="12" type="60" displayName="User form – Business" parentDisplayName="User" solution="msdynce_AppCommon (9.0.4.0066)" id="{c2413504-7eb2-4c59-a087-95d819866114}" />
        <Dependent key="12" type="60" displayName="User form – Business" parentDisplayName="User" id="{c2413504-7eb2-4c59-a087-95d819866114}" />
      </MissingDependency>
      <MissingDependency>
        <Required key="13" type="66" schemaName="MscrmControls.Canvas.CanvasRecordControl" displayName="MscrmControls.Canvas.CanvasRecordControl" solution="BaseCustomControlsCore (9.0.1907.4014)" />
        <Dependent key="1" type="60" displayName="User" parentDisplayName="User" id="{c2cd9e55-d4b4-4b55-9951-16ead79643e5}" />
      </MissingDependency>
      <MissingDependency>
        <Required key="14" type="61" schemaName="msdyn_/Utils/json2.js" displayName="msdyn_/Utils/json2.js" solution="FieldService (8.7.0.105)" />
        <Dependent key="1" type="60" displayName="User" parentDisplayName="User" id="{c2cd9e55-d4b4-4b55-9951-16ead79643e5}" />
      </MissingDependency>
      <MissingDependency>
        <Required key="15" type="61" schemaName="msdyn_/Libraries/require/require.js" displayName="msdyn_/Libraries/require/require.js" solution="ProjectService (3.7.0.59)" />
        <Dependent key="1" type="60" displayName="User" parentDisplayName="User" id="{c2cd9e55-d4b4-4b55-9951-16ead79643e5}" />
      </MissingDependency>
      <MissingDependency>
        <Required key="16" type="61" schemaName="msdyn_/User/FieldService.SystemUser.js" displayName="msdyn_/User/FieldService.SystemUser.js" solution="FieldService (8.7.0.105)" />
        <Dependent key="1" type="60" displayName="User" parentDisplayName="User" id="{c2cd9e55-d4b4-4b55-9951-16ead79643e5}" />
      </MissingDependency>
      <MissingDependency>
        <Required key="17" type="61" schemaName="msdyn_/SDK/SOAP/Sdk_Soap_min.js" displayName="msdyn_/SDK/SOAP/Sdk_Soap_min.js" solution="FieldService (8.7.0.105)" />
        <Dependent key="1" type="60" displayName="User" parentDisplayName="User" id="{c2cd9e55-d4b4-4b55-9951-16ead79643e5}" />
      </MissingDependency>
      <MissingDependency>
        <Required key="18" type="61" schemaName="msdyn_/Utils/jquery.min.js" displayName="msdyn_/Utils/jquery.min.js" solution="FieldService (8.7.0.105)" />
        <Dependent key="1" type="60" displayName="User" parentDisplayName="User" id="{c2cd9e55-d4b4-4b55-9951-16ead79643e5}" />
      </MissingDependency>
      <MissingDependency>
        <Required key="19" type="61" schemaName="msdyn_/Action/FieldServiceSystemAction/Sdk_msdyn_FieldServiceSystemAction_min.js" displayName="msdyn_/Action/FieldServiceSystemAction/Sdk_msdyn_FieldServiceSystemAction_min.js" solution="FieldService (8.7.0.105)" />
        <Dependent key="1" type="60" displayName="User" parentDisplayName="User" id="{c2cd9e55-d4b4-4b55-9951-16ead79643e5}" />
      </MissingDependency>
      <MissingDependency>
        <Required key="20" type="61" schemaName="msdyn_/Utils/sdk.jquery.js" displayName="msdyn_/Utils/sdk.jquery.js" solution="FieldService (8.7.0.105)" />
        <Dependent key="1" type="60" displayName="User" parentDisplayName="User" id="{c2cd9e55-d4b4-4b55-9951-16ead79643e5}" />
      </MissingDependency>
      <MissingDependency>
        <Required key="21" type="61" schemaName="msdyn_/Utils/GUID.js" displayName="msdyn_/Utils/GUID.js" solution="FieldService (8.7.0.105)" />
        <Dependent key="1" type="60" displayName="User" parentDisplayName="User" id="{c2cd9e55-d4b4-4b55-9951-16ead79643e5}" />
      </MissingDependency>
    </MissingDependencies>
  </SolutionManifest>
</ImportExportXml>