{"name":"26610a66-f445-40c9-9b66-03e722911c5f","id":"/providers/Microsoft.Flow/flows/26610a66-f445-40c9-9b66-03e722911c5f","type":"Microsoft.Flow/flows","properties":{"apiId":"/providers/Microsoft.PowerApps/apis/shared_logicflows","displayName":"LUIS Flow","definition":{"metadata":{"workflowEntityId":null,"creator":{"id":"8e3415ca-5a21-4dbc-9ee2-905481a83dfd","type":"User","tenantId":"ad951449-3777-42cd-a957-3f0c65edf944"},"provisioningMethod":"FromDefinition","failureAlertSubscription":true,"clientLastModifiedTime":"2019-04-04T11:46:12.0577136Z"},"$schema":"https://schema.management.azure.com/providers/Microsoft.Logic/schemas/2016-06-01/workflowdefinition.json#","contentVersion":"1.0.0.0","parameters":{"$connections":{"defaultValue":{},"type":"Object"},"$authentication":{"defaultValue":{},"type":"SecureObject"}},"triggers":{"When_a_record_is_created":{"recurrence":{"interval":1,"frequency":"Minute"},"splitOn":"@triggerBody()?['value']","metadata":{"flowSystemMetadata":{"swaggerOperationId":"GetOnNewItems"}},"type":"ApiConnection","inputs":{"host":{"connection":{"name":"@parameters('$connections')['shared_dynamicscrmonline_1']['connectionId']"},"api":{"runtimeUrl":"https://europe-002.azure-apim.net/apim/dynamicscrmonline"}},"method":"get","path":"/datasets/@{encodeURIComponent(encodeURIComponent('org59d1b3db.crm4'))}/tables/@{encodeURIComponent(encodeURIComponent('incidents'))}/onnewitems","authentication":"@parameters('$authentication')"}}},"actions":{"Html_to_text":{"runAfter":{"Initialize_variable":["Succeeded"]},"metadata":{"flowSystemMetadata":{"swaggerOperationId":"HtmlToText"}},"type":"ApiConnection","inputs":{"host":{"connection":{"name":"@parameters('$connections')['shared_conversionservice']['connectionId']"},"api":{"runtimeUrl":"https://europe-002.azure-apim.net/apim/conversionservice"}},"method":"post","body":"@{uriComponentToString(replace(uriComponent(triggerBody()?['description']), '%0A', ' '))}","path":"/html2text","authentication":"@parameters('$authentication')"}},"Check_to_see_if_body_is_empty":{"actions":{"All_done_no_email_body":{"runAfter":{},"type":"Terminate","inputs":{"runStatus":"Succeeded"}}},"runAfter":{"Html_to_text":["Succeeded"]},"expression":"@equals(body('Html_to_text'), null)","type":"If"},"Is_Prediction_more_than_60_":{"actions":{"Get_the_Subject_in_D365":{"runAfter":{},"metadata":{"flowSystemMetadata":{"swaggerOperationId":"GetItems"}},"type":"ApiConnection","inputs":{"host":{"connection":{"name":"@parameters('$connections')['shared_dynamicscrmonline_1']['connectionId']"},"api":{"runtimeUrl":"https://europe-002.azure-apim.net/apim/dynamicscrmonline"}},"method":"get","path":"/datasets/@{encodeURIComponent(encodeURIComponent('org59d1b3db.crm4'))}/tables/@{encodeURIComponent(encodeURIComponent('subjects'))}/items","queries":{"$filter":"title eq '@{body('Get_prediction')?['topScoringIntent']?['intent']}'","$top":1},"authentication":"@parameters('$authentication')"}},"Asking_for_next_bill":{"actions":{"Get_the_Contact_who_sent_the_case":{"runAfter":{},"metadata":{"flowSystemMetadata":{"swaggerOperationId":"GetItem"}},"type":"ApiConnection","inputs":{"host":{"connection":{"name":"@parameters('$connections')['shared_dynamicscrmonline_1']['connectionId']"},"api":{"runtimeUrl":"https://europe-002.azure-apim.net/apim/dynamicscrmonline"}},"method":"get","path":"/datasets/@{encodeURIComponent(encodeURIComponent('org59d1b3db.crm4'))}/tables/@{encodeURIComponent(encodeURIComponent('contacts'))}/items/@{encodeURIComponent(encodeURIComponent(triggerBody()?['_customerid_value']))}","authentication":"@parameters('$authentication')"}},"Send_an_email":{"runAfter":{"Get_the_Contact_who_sent_the_case":["Succeeded"]},"metadata":{"flowSystemMetadata":{"swaggerOperationId":"SendEmail"}},"type":"ApiConnection","inputs":{"host":{"connection":{"name":"@parameters('$connections')['shared_office365']['connectionId']"},"api":{"runtimeUrl":"https://europe-002.azure-apim.net/apim/office365"}},"method":"post","body":{"To":"@{body('Get_the_Contact_who_sent_the_case')?['emailaddress1']};","Subject":"Your Next Bill","Body":"<p>Hi&nbsp;</p>\n<p>You have recently contacted Big Energy Co to ask when your next statement is due.</p>\n<p>Your next statement will be available online on 15/4/2019, with payment due on 30/4/2019.</p>\n<p>Regards</p>\n<p><strong>Big Energy Co Admin team</strong></p>","IsHtml":true},"path":"/Mail","authentication":"@parameters('$authentication')"}},"Apply_to_each_2":{"foreach":"@body('Get_the_Subject_in_D365')?['value']","actions":{"Update_a_record_2":{"runAfter":{},"metadata":{"flowSystemMetadata":{"swaggerOperationId":"PatchItem"}},"type":"ApiConnection","inputs":{"host":{"connection":{"name":"@parameters('$connections')['shared_dynamicscrmonline_1']['connectionId']"},"api":{"runtimeUrl":"https://europe-002.azure-apim.net/apim/dynamicscrmonline"}},"method":"patch","body":{"_messagetypecode_label":"","_incidentstagecode_label":"","_casetypecode_label":"","ava_closefromflow":false,"_int_customereffort_label":"","description":"@body('Html_to_text')","_firstresponseslastatus_label":"","ava_intentscore":"@body('Get_prediction')?['topScoringIntent']?['score']","_caseorigincode_label":"","_ownerid_type":"","_prioritycode_label":"","_resolvebyslastatus_label":"","_customersatisfactioncode_label":"","_contractservicelevelcode_label":"","_servicestage_label":"","_severitycode_label":"","_subjectid_value":"@items('Apply_to_each_2')?['subjectid']"},"path":"/datasets/@{encodeURIComponent(encodeURIComponent('org59d1b3db.crm4'))}/tables/@{encodeURIComponent(encodeURIComponent('incidents'))}/items/@{encodeURIComponent(encodeURIComponent(triggerBody()?['incidentid']))}","authentication":"@parameters('$authentication')"}},"CloseIncident":{"runAfter":{"Update_a_record_2":["Succeeded"]},"metadata":{"flowSystemMetadata":{"swaggerOperationId":"CloseIncident"}},"type":"ApiConnection","inputs":{"host":{"connection":{"name":"@parameters('$connections')['shared_d365flowconnector.5ff2efc11a1b3d282e.5f8555513cf0ccada7']['connectionId']"},"api":{"runtimeUrl":"https://europe-002.azure-apim.net/apim/d365flowconnector.5ff2efc11a1b3d282e.5f8555513cf0ccada7"}},"method":"post","body":{"IncidentResolution":{"subject":"User got information","incidentid@odata.bind":"/incidents(@{triggerBody()?['incidentid']})"},"Status":-1},"path":"/CloseIncident","authentication":"@parameters('$authentication')"}}},"runAfter":{"Send_an_email":["Succeeded"]},"type":"Foreach"}},"runAfter":{"Apply_to_each_3":["Succeeded"]},"else":{"actions":{"Are_there_any_Meter_Readings":{"actions":{"Apply_to_each_5":{"foreach":"@body('Get_prediction')?['entities']","actions":{"a_Meter_reading":{"actions":{"Update_Record_with_meter_reading":{"runAfter":{},"metadata":{"flowSystemMetadata":{"swaggerOperationId":"PatchItem"}},"type":"ApiConnection","inputs":{"host":{"connection":{"name":"@parameters('$connections')['shared_dynamicscrmonline_1']['connectionId']"},"api":{"runtimeUrl":"https://europe-002.azure-apim.net/apim/dynamicscrmonline"}},"method":"patch","body":{"_customerid_type":"","_messagetypecode_label":"","_incidentstagecode_label":"","_casetypecode_label":"","_int_customereffort_label":"","description":"@body('Html_to_text')","_firstresponseslastatus_label":"","ava_intentscore":"@body('Get_prediction')?['topScoringIntent']?['score']","ava_meterreading":"@items('Apply_to_each_5')?['entity']","_caseorigincode_label":"","_ownerid_type":"","_prioritycode_label":"","_resolvebyslastatus_label":"","_customersatisfactioncode_label":"","_contractservicelevelcode_label":"","_servicestage_label":"","_severitycode_label":"","_statecode_label":"","_statuscode_label":"","_subjectid_value":"@{variables('Subject')}"},"path":"/datasets/@{encodeURIComponent(encodeURIComponent('org59d1b3db.crm4'))}/tables/@{encodeURIComponent(encodeURIComponent('incidents'))}/items/@{encodeURIComponent(encodeURIComponent(triggerBody()?['incidentid']))}","authentication":"@parameters('$authentication')"}}},"runAfter":{},"else":{"actions":{"Update_a_record_3":{"runAfter":{},"metadata":{"flowSystemMetadata":{"swaggerOperationId":"PatchItem"}},"type":"ApiConnection","inputs":{"host":{"connection":{"name":"@parameters('$connections')['shared_dynamicscrmonline_1']['connectionId']"},"api":{"runtimeUrl":"https://europe-002.azure-apim.net/apim/dynamicscrmonline"}},"method":"patch","body":{"_customerid_type":"","_messagetypecode_label":"","_incidentstagecode_label":"","_casetypecode_label":"","_int_customereffort_label":"","description":"@body('Html_to_text')","_firstresponseslastatus_label":"","ava_intentscore":"@body('Get_prediction')?['topScoringIntent']?['score']","_caseorigincode_label":"","_ownerid_type":"","_prioritycode_label":"","_resolvebyslastatus_label":"","_customersatisfactioncode_label":"","_contractservicelevelcode_label":"","_servicestage_label":"","_severitycode_label":"","_statecode_label":"","_statuscode_label":"","_subjectid_value":"@variables('Subject')"},"path":"/datasets/@{encodeURIComponent(encodeURIComponent('org59d1b3db.crm4'))}/tables/@{encodeURIComponent(encodeURIComponent('incidents'))}/items/@{encodeURIComponent(encodeURIComponent(triggerBody()?['incidentid']))}","authentication":"@parameters('$authentication')"}}}},"expression":{"equals":["@items('Apply_to_each_5')?['type']","builtin.number"]},"type":"If"}},"runAfter":{},"type":"Foreach"}},"runAfter":{},"else":{"actions":{"Update_a_record":{"runAfter":{},"metadata":{"flowSystemMetadata":{"swaggerOperationId":"PatchItem"}},"type":"ApiConnection","inputs":{"host":{"connection":{"name":"@parameters('$connections')['shared_dynamicscrmonline_1']['connectionId']"},"api":{"runtimeUrl":"https://europe-002.azure-apim.net/apim/dynamicscrmonline"}},"method":"patch","body":{"_customerid_type":"","_messagetypecode_label":"","_incidentstagecode_label":"","_casetypecode_label":"","_int_customereffort_label":"","description":"@body('Html_to_text')","_firstresponseslastatus_label":"","ava_intentscore":"@body('Get_prediction')?['topScoringIntent']?['score']","_caseorigincode_label":"","_ownerid_type":"","_prioritycode_label":"","_resolvebyslastatus_label":"","_customersatisfactioncode_label":"","_contractservicelevelcode_label":"","_servicestage_label":"","_severitycode_label":"","_statecode_label":"","_statuscode_label":"","_subjectid_value":"@variables('Subject')"},"path":"/datasets/@{encodeURIComponent(encodeURIComponent('org59d1b3db.crm4'))}/tables/@{encodeURIComponent(encodeURIComponent('incidents'))}/items/@{encodeURIComponent(encodeURIComponent(triggerBody()?['incidentid']))}","authentication":"@parameters('$authentication')"}}}},"expression":{"greater":["@length(body('Get_prediction')?['entities'])",1]},"type":"If"}}},"expression":{"equals":["@body('Get_prediction')?['topScoringIntent']?['intent']","Next Bill due"]},"type":"If"},"Apply_to_each_3":{"foreach":"@body('Get_the_Subject_in_D365')?['value']","actions":{"Set_variable":{"runAfter":{},"type":"SetVariable","inputs":{"name":"Subject","value":"@items('Apply_to_each_3')?['subjectid']"}}},"runAfter":{"Get_the_Subject_in_D365":["Succeeded"]},"type":"Foreach"}},"runAfter":{"Get_prediction":["Succeeded"]},"else":{"actions":{"Update_the_Case_just_description":{"runAfter":{},"metadata":{"flowSystemMetadata":{"swaggerOperationId":"PatchItem"}},"type":"ApiConnection","inputs":{"host":{"connection":{"name":"@parameters('$connections')['shared_dynamicscrmonline_1']['connectionId']"},"api":{"runtimeUrl":"https://europe-002.azure-apim.net/apim/dynamicscrmonline"}},"method":"patch","body":{"_customerid_type":"","_messagetypecode_label":"","_incidentstagecode_label":"","_casetypecode_label":"","_int_customereffort_label":"","description":"@body('Html_to_text')","_firstresponseslastatus_label":"","_caseorigincode_label":"","_ownerid_type":"","_prioritycode_label":"","_resolvebyslastatus_label":"","_customersatisfactioncode_label":"","_contractservicelevelcode_label":"","_servicestage_label":"","_severitycode_label":"","_statecode_label":"","_statuscode_label":""},"path":"/datasets/@{encodeURIComponent(encodeURIComponent('org59d1b3db.crm4'))}/tables/@{encodeURIComponent(encodeURIComponent('incidents'))}/items/@{encodeURIComponent(encodeURIComponent(triggerBody()?['incidentid']))}","authentication":"@parameters('$authentication')"}}}},"expression":{"greater":["@body('Get_prediction')?['topScoringIntent']?['score']",0.6]},"type":"If"},"Get_prediction":{"runAfter":{"Check_to_see_if_body_is_empty":["Succeeded"]},"metadata":{"flowSystemMetadata":{"swaggerOperationId":"GetPredictions"}},"type":"ApiConnection","inputs":{"host":{"connection":{"name":"@parameters('$connections')['shared_luis']['connectionId']"},"api":{"runtimeUrl":"https://europe-002.azure-apim.net/apim/luis"}},"method":"get","path":"/luis/v2.0/apps/@{encodeURIComponent('3508be61-1e11-4d37-bc7a-92a2d546da12')}/","queries":{"q":"@body('Html_to_text')","verbose":true},"authentication":"@parameters('$authentication')"}},"Initialize_variable":{"runAfter":{},"type":"InitializeVariable","inputs":{"variables":[{"name":"Subject","type":"String"}]}}},"outputs":{}},"connectionReferences":{"shared_conversionservice":{"connectionName":"shared-conversionser-a39e94e9-17c5-462a-9c5f-a4629b5bc5fd","source":"Embedded","id":"/providers/Microsoft.PowerApps/apis/shared_conversionservice","tier":"NotSpecified"},"shared_dynamicscrmonline_1":{"connectionName":"6f4f14962c2d4f9b818f3c8d08654b92","source":"Embedded","id":"/providers/Microsoft.PowerApps/apis/shared_dynamicscrmonline","tier":"NotSpecified"},"shared_office365":{"connectionName":"shared-office365-59d4f14a-c355-46bc-b663-5e6cd00efd77","source":"Embedded","id":"/providers/Microsoft.PowerApps/apis/shared_office365","tier":"NotSpecified"},"shared_luis":{"connectionName":"shared-luis-4f005434-f35b-40d0-bf5a-a5e1652e2d3e","source":"Embedded","id":"/providers/Microsoft.PowerApps/apis/shared_luis","tier":"NotSpecified"},"shared_d365flowconnector.5ff2efc11a1b3d282e.5f8555513cf0ccada7":{"connectionName":"7e6aba4b-9454-46a6-9987-4d01-a9a1f373","source":"Embedded","id":"/providers/Microsoft.PowerApps/apis/shared_d365flowconnector.5ff2efc11a1b3d282e.5f8555513cf0ccada7","tier":"NotSpecified"}},"flowFailureAlertSubscribed":false}}