{"name":"c1758254-f899-48fb-9470-72b7b3f84907","id":"/providers/Microsoft.Flow/flows/c1758254-f899-48fb-9470-72b7b3f84907","type":"Microsoft.Flow/flows","properties":{"apiId":"/providers/Microsoft.PowerApps/apis/shared_logicflows","displayName":"Opp Approval Teams","definition":{"metadata":{"workflowEntityId":null,"creator":{"id":"424acf49-8f16-46d6-8e36-04613f0bc442","type":"User","tenantId":"2821cf92-86ad-4c7b-ba9a-5c79a70d4a21"},"provisioningMethod":"FromDefinition","failureAlertSubscription":true,"clientLastModifiedTime":"2019-06-28T17:51:32.9134638Z"},"$schema":"https://schema.management.azure.com/providers/Microsoft.Logic/schemas/2016-06-01/workflowdefinition.json#","contentVersion":"1.0.0.0","parameters":{"$connections":{"defaultValue":{},"type":"Object"},"$authentication":{"defaultValue":{},"type":"SecureObject"}},"triggers":{"When_a_record_is_updated":{"metadata":{"flowSystemMetadata":{"swaggerOperationId":"SubscribeOnUpdatedItems"}},"type":"ApiConnectionWebhook","inputs":{"host":{"connection":{"name":"@parameters('$connections')['shared_commondataservice']['connectionId']"},"api":{"runtimeUrl":"https://unitedstates-002.azure-apim.net/apim/commondataservice"}},"body":{"NotificationUrl":"@{listCallbackUrl()}","AttributeFilters":["developproposal"]},"path":"/datasets/@{encodeURIComponent(encodeURIComponent('orga8679c63.crm'))}/tables/@{encodeURIComponent(encodeURIComponent('opportunities'))}/onupdateditemswebhook","queries":{"scope":"Organization"},"authentication":"@parameters('$authentication')"}}},"actions":{"Post_your_own_adaptive_card_as_the_Flow_bot_to_a_channel":{"runAfter":{"Create_an_approval_(V2)":["Succeeded"]},"metadata":{"flowSystemMetadata":{"swaggerOperationId":"PostChannelAdaptiveCard"}},"type":"ApiConnection","inputs":{"host":{"connection":{"name":"@parameters('$connections')['shared_teams']['connectionId']"},"api":{"runtimeUrl":"https://unitedstates-002.azure-apim.net/apim/teams"}},"method":"post","body":{"recipient":{"channelId":"19:0d43c371aea9496ca54555115ab1059d@thread.skype"},"messageBody":"{\n    \"type\": \"AdaptiveCard\",\n    \"body\": [\n        {\n            \"type\": \"Container\"\n        },\n        {\n            \"type\": \"Container\",\n            \"style\": \"emphasis\",\n            \"items\": [\n                {\n                    \"type\": \"ColumnSet\",\n                    \"columns\": [\n                        {\n                            \"type\": \"Column\",\n                            \"items\": [\n                                {\n                                    \"type\": \"TextBlock\",\n                                    \"size\": \"Large\",\n                                    \"weight\": \"Bolder\",\n                                    \"text\": \"**OPP APPROVAL**\"\n                                }\n                            ],\n                            \"width\": \"stretch\"\n                        },\n                        {\n                            \"type\": \"Column\",\n                            \"items\": [\n                                {\n                                    \"type\": \"Image\",\n                                    \"url\": \"https://filedepot.blob.core.windows.net/build/pending.png\",\n                                    \"height\": \"30px\",\n                                    \"altText\": \"Pending\"\n                                }\n                            ],\n                            \"width\": \"auto\"\n                        }\n                    ]\n                }\n            ],\n            \"bleed\": true\n        },\n        {\n            \"type\": \"Container\",\n            \"items\": [\n                {\n                    \"type\": \"ColumnSet\",\n                    \"columns\": [\n                        {\n                            \"type\": \"Column\",\n                            \"items\": [\n                                {\n                                    \"type\": \"TextBlock\",\n                                    \"size\": \"ExtraLarge\",\n                                    \"text\": \"@{triggerBody()?['description']}\",\n                                    \"wrap\": true\n                                },\n                                {\n                                    \"type\": \"TextBlock\",\n                                    \"spacing\": \"Small\",\n                                    \"size\": \"Small\",\n                                    \"weight\": \"Bolder\",\n                                    \"color\": \"Accent\",\n                                    \"text\": \"[OPP LINK](https://expense.localzoho.com/app#/approvals/27262000000098057)\"\n                                }\n                            ],\n                            \"width\": \"stretch\"\n                        }\n                    ]\n                },\n                {\n                    \"type\": \"FactSet\",\n                    \"spacing\": \"Small\",\n                    \"facts\": [\n                        {\n                            \"title\": \"Account\",\n                            \"value\": \"Account Link\"\n                        },\n                        {\n                            \"title\": \"Account Manager\",\n                            \"value\": \"Account Manager\"\n                        },\n                        {\n                            \"title\": \"Submitted On\",\n                            \"value\": \"20/08/2018\"\n                        },\n                        {\n                            \"title\": \"Total Opp Value\",\n                            \"value\": \"$ 404.30\"\n                        },\n                        {\n                            \"title\": \"Discount %\",\n                            \"value\": \"Discount %\"\n                        },\n                        {\n                            \"title\": \"Discount\",\n                            \"value\": \"£1000\"\n                        },\n                        {\n                            \"title\": \"Tax\",\n                            \"value\": \"£100\"\n                        },\n                        {\n                            \"title\": \"Shipping\",\n                            \"value\": \"£20\"\n                        },\n                        {\n                            \"title\": \"**Total**\",\n                            \"value\": \"£600\"\n                        }\n                    ]\n                }\n            ]\n        },\n        {\n            \"type\": \"ColumnSet\",\n            \"columns\": [\n                {\n                    \"type\": \"Column\",\n                    \"items\": [\n                        {\n                            \"type\": \"TextBlock\",\n                            \"weight\": \"Bolder\",\n                            \"text\": \"PRODUCT\"\n                        }\n                    ],\n                    \"width\": \"auto\"\n                },\n                {\n                    \"type\": \"Column\",\n                    \"spacing\": \"Large\",\n                    \"items\": [\n                        {\n                            \"type\": \"TextBlock\",\n                            \"id\": \"price\",\n                            \"weight\": \"Bolder\",\n                            \"text\": \"Price\"\n                        }\n                    ],\n                    \"width\": \"stretch\"\n                },\n                {\n                    \"type\": \"Column\",\n                    \"items\": [\n                        {\n                            \"type\": \"TextBlock\",\n                            \"weight\": \"Bolder\",\n                            \"text\": \"Quantity\"\n                        }\n                    ],\n                    \"width\": \"auto\"\n                },\n                {\n                    \"type\": \"Column\",\n                    \"items\": [\n                        {\n                            \"type\": \"TextBlock\",\n                            \"weight\": \"Bolder\",\n                            \"text\": \"Discount\"\n                        }\n                    ],\n                    \"width\": \"stretch\"\n                },\n                {\n                    \"type\": \"Column\",\n                    \"items\": [\n                        {\n                            \"type\": \"TextBlock\",\n                            \"weight\": \"Bolder\",\n                            \"text\": \"Total\"\n                        }\n                    ],\n                    \"width\": \"stretch\"\n                }\n            ]\n        },\n        {\n            \"type\": \"ColumnSet\",\n            \"columns\": [\n                {\n                    \"type\": \"Column\",\n                    \"items\": [\n                        {\n                            \"type\": \"TextBlock\",\n                            \"text\": \"Prod Name\"\n                        }\n                    ],\n                    \"width\": \"stretch\"\n                },\n                {\n                    \"type\": \"Column\",\n                    \"items\": [\n                        {\n                            \"type\": \"TextBlock\",\n                            \"text\": \"Price Val\"\n                        }\n                    ],\n                    \"width\": \"stretch\"\n                },\n                {\n                    \"type\": \"Column\",\n                    \"items\": [\n                        {\n                            \"type\": \"TextBlock\",\n                            \"text\": \"Qty\"\n                        }\n                    ],\n                    \"width\": \"stretch\"\n                },\n                {\n                    \"type\": \"Column\",\n                    \"items\": [\n                        {\n                            \"type\": \"TextBlock\",\n                            \"text\": \"£total\"\n                        }\n                    ],\n                    \"width\": \"stretch\"\n                }\n            ]\n        },\n        {\n            \"type\": \"ColumnSet\",\n            \"columns\": [\n                {\n                    \"type\": \"Column\",\n                    \"width\": \"stretch\"\n                },\n                {\n                    \"type\": \"Column\",\n                    \"width\": \"stretch\"\n                }\n            ]\n        },\n        {\n            \"type\": \"Container\",\n            \"horizontalAlignment\": \"Center\",\n            \"style\": \"emphasis\",\n            \"items\": [\n                {\n                    \"type\": \"ActionSet\",\n                    \"horizontalAlignment\": \"Left\",\n                    \"spacing\": \"Small\",\n                    \"separator\": true,\n                    \"actions\": [\n                        {\n                            \"type\": \"Action.ShowCard\",\n                            \"title\": \"Approve\",\n                            \"style\": \"positive\",\n                            \"card\": {\n                                \"type\": \"AdaptiveCard\",\n                                \"$schema\": \"http://adaptivecards.io/schemas/adaptive-card.json\"\n                            }\n                        },\n                        {\n                            \"type\": \"Action.ShowCard\",\n                            \"title\": \"Reject\",\n                            \"style\": \"destructive\",\n                            \"card\": {\n                                \"type\": \"AdaptiveCard\",\n                                \"$schema\": \"http://adaptivecards.io/schemas/adaptive-card.json\"\n                            }\n                        }\n                    ]\n                }\n            ]\n        }\n    ],\n    \"actions\": [\n        {\n            \"type\": \"Action.ShowCard\",\n            \"title\": \"Comment\",\n            \"card\": {\n                \"type\": \"AdaptiveCard\",\n                \"body\": [\n                    {\n                        \"type\": \"Input.Text\",\n                        \"id\": \"comment\",\n                        \"placeholder\": \"Enter your comment\",\n                        \"isMultiline\": true\n                    }\n                ],\n                \"actions\": [\n                    {\n                        \"type\": \"Action.Submit\",\n                        \"title\": \"OK\",\n                        \"data\": {\n                            \"id\": \"@{body('Create_an_approval_(V2)')?['name']}\",\n                \"action\": \"approve\"\n\n                        }\n                    }\n                ],\n                \"$schema\": \"http://adaptivecards.io/schemas/adaptive-card.json\"\n            }\n        }\n    ],\n    \"$schema\": \"http://adaptivecards.io/schemas/adaptive-card.json\",\n    \"version\": \"1.0\"\n}"},"path":"/flowbot/actions/adaptivecard/recipienttypes/channel","queries":{"groupId":"165dccf4-42f4-458e-9a87-2570b6f571a5"},"authentication":"@parameters('$authentication')"}},"Create_an_approval_(V2)":{"runAfter":{},"metadata":{"flowSystemMetadata":{"swaggerOperationId":"CreateAnApproval"}},"type":"ApiConnection","inputs":{"host":{"connection":{"name":"@parameters('$connections')['shared_approvals']['connectionId']"},"api":{"runtimeUrl":"https://unitedstates-002.azure-apim.net/apim/approvals"}},"method":"post","body":{"title":"test","assignedTo":"CarlC@CRM568082.onmicrosoft.com","details":"Please approve","enableNotifications":false},"path":"/types/@{encodeURIComponent('Basic')}","authentication":"@parameters('$authentication')"}},"Wait_for_an_approval_(V2)":{"runAfter":{"Post_your_own_adaptive_card_as_the_Flow_bot_to_a_channel":["Succeeded"]},"metadata":{"flowSystemMetadata":{"swaggerOperationId":"WaitForAnApproval"}},"type":"ApiConnectionWebhook","inputs":{"host":{"connection":{"name":"@parameters('$connections')['shared_approvals']['connectionId']"},"api":{"runtimeUrl":"https://unitedstates-002.azure-apim.net/apim/approvals"}},"body":{"notificationUrl":"@{listCallbackUrl()}"},"path":"/approvals/@{encodeURIComponent(body('Create_an_approval_(V2)')?['name'])}/subscriptions","authentication":"@parameters('$authentication')"}},"Send_an_email":{"runAfter":{"Wait_for_an_approval_(V2)":["Succeeded"]},"metadata":{"flowSystemMetadata":{"swaggerOperationId":"SendEmail"}},"type":"ApiConnection","inputs":{"host":{"connection":{"name":"@parameters('$connections')['shared_office365']['connectionId']"},"api":{"runtimeUrl":"https://unitedstates-002.azure-apim.net/apim/office365"}},"method":"post","body":{"To":"CarlC@CRM568082.onmicrosoft.com","Subject":"approved","Body":"approved"},"path":"/Mail","authentication":"@parameters('$authentication')"}}},"outputs":{}},"connectionReferences":{"shared_teams":{"connectionName":"shared-teams-e95a5ea4-cb3c-4719-a1e5-2f5b259158d0","source":"Embedded","id":"/providers/Microsoft.PowerApps/apis/shared_teams","tier":"NotSpecified"},"shared_approvals":{"connectionName":"shared-approvals-ae50a3d7-28bc-4cf0-b7c9-4c219ea5acd9","source":"Embedded","id":"/providers/Microsoft.PowerApps/apis/shared_approvals","tier":"NotSpecified"},"shared_office365":{"connectionName":"8fbf747d3dc240dc84713923dd67d211","source":"Embedded","id":"/providers/Microsoft.PowerApps/apis/shared_office365","tier":"NotSpecified"},"shared_commondataservice":{"connectionName":"58b6c94625834dffbd8453c64a13ae9c","source":"Embedded","id":"/providers/Microsoft.PowerApps/apis/shared_commondataservice","tier":"NotSpecified"}},"flowFailureAlertSubscribed":false}}