{"name":"3d7e6c22-8796-4fad-a7dc-907c9cf148c3","id":"/providers/Microsoft.Flow/flows/3d7e6c22-8796-4fad-a7dc-907c9cf148c3","type":"Microsoft.Flow/flows","properties":{"apiId":"/providers/Microsoft.PowerApps/apis/shared_logicflows","displayName":"Security WF","definition":{"metadata":{"workflowEntityId":null,"creator":{"id":"424acf49-8f16-46d6-8e36-04613f0bc442","type":"User","tenantId":"2821cf92-86ad-4c7b-ba9a-5c79a70d4a21"},"provisioningMethod":"FromDefinition","failureAlertSubscription":true,"clientLastModifiedTime":"2019-06-17T14:18:15.7449489Z"},"$schema":"https://schema.management.azure.com/providers/Microsoft.Logic/schemas/2016-06-01/workflowdefinition.json#","contentVersion":"1.0.0.0","parameters":{"$connections":{"defaultValue":{},"type":"Object"},"$authentication":{"defaultValue":{},"type":"SecureObject"}},"triggers":{"New_User":{"metadata":{"flowSystemMetadata":{"swaggerOperationId":"SubscribeOnUpdatedItems"}},"type":"ApiConnectionWebhook","inputs":{"host":{"connection":{"name":"@parameters('$connections')['shared_commondataservice']['connectionId']"},"api":{"runtimeUrl":"https://unitedstates-002.azure-apim.net/apim/commondataservice"}},"body":{"NotificationUrl":"@{listCallbackUrl()}","AttributeFilters":["parentsystemuserid"]},"path":"/datasets/@{encodeURIComponent(encodeURIComponent('orga8679c63.crm'))}/tables/@{encodeURIComponent(encodeURIComponent('systemusers'))}/onupdateditemswebhook","queries":{"scope":"Organization"},"authentication":"@parameters('$authentication')"}}},"actions":{"Send_an_email":{"runAfter":{"Manager":["Succeeded"]},"metadata":{"flowSystemMetadata":{"swaggerOperationId":"SendEmail"}},"type":"ApiConnection","inputs":{"host":{"connection":{"name":"@parameters('$connections')['shared_office365']['connectionId']"},"api":{"runtimeUrl":"https://unitedstates-002.azure-apim.net/apim/office365"}},"method":"post","body":{"To":"@{body('Manager')?['internalemailaddress']};","Subject":"A new user (@{triggerBody()?['fullname']} ) in D365 has been assigned to you","Body":"You have been made the manager of a new user in D365.\n\nPlease use the PowerApp to update profile information for @{triggerBody()?['fullname']}, email @{triggerBody()?['internalemailaddress']}"},"path":"/Mail","authentication":"@parameters('$authentication')"}},"Is_manager_populated":{"actions":{},"runAfter":{},"else":{"actions":{"Terminate":{"runAfter":{},"type":"Terminate","inputs":{"runStatus":"Succeeded"}}}},"expression":{"not":{"equals":["@triggerBody()?['_parentsystemuserid_value']","@null"]}},"type":"If"},"Manager":{"runAfter":{"Is_manager_populated":["Succeeded"]},"metadata":{"flowSystemMetadata":{"swaggerOperationId":"GetItem_V2"}},"type":"ApiConnection","inputs":{"host":{"connection":{"name":"@parameters('$connections')['shared_commondataservice']['connectionId']"},"api":{"runtimeUrl":"https://unitedstates-002.azure-apim.net/apim/commondataservice"}},"method":"get","path":"/v2/datasets/@{encodeURIComponent(encodeURIComponent('default.cds'))}/tables/@{encodeURIComponent(encodeURIComponent('systemusers'))}/items/@{encodeURIComponent(encodeURIComponent(triggerBody()?['_parentsystemuserid_value']))}","authentication":"@parameters('$authentication')"}}}},"connectionReferences":{"shared_office365":{"connectionName":"8fbf747d3dc240dc84713923dd67d211","source":"Embedded","id":"/providers/Microsoft.PowerApps/apis/shared_office365","tier":"NotSpecified"},"shared_commondataservice":{"connectionName":"58b6c94625834dffbd8453c64a13ae9c","source":"Embedded","id":"/providers/Microsoft.PowerApps/apis/shared_commondataservice","tier":"NotSpecified"}},"flowFailureAlertSubscribed":false}}