{"name":"83a93d87-013b-4e0a-abb8-44975829bf5e","id":"/providers/Microsoft.Flow/flows/83a93d87-013b-4e0a-abb8-44975829bf5e","type":"Microsoft.Flow/flows","properties":{"apiId":"/providers/Microsoft.PowerApps/apis/shared_logicflows","displayName":"Auto Log Location","definition":{"metadata":{"workflowEntityId":null,"creator":{"id":"424acf49-8f16-46d6-8e36-04613f0bc442","type":"User","tenantId":"2821cf92-86ad-4c7b-ba9a-5c79a70d4a21"},"provisioningMethod":"FromDefinition","failureAlertSubscription":true,"clientLastModifiedTime":"2019-07-10T13:03:23.1837137Z"},"$schema":"https://schema.management.azure.com/providers/Microsoft.Logic/schemas/2016-06-01/workflowdefinition.json#","contentVersion":"1.0.0.0","parameters":{"$connections":{"defaultValue":{},"type":"Object"},"$authentication":{"defaultValue":{},"type":"SecureObject"},"dynamicscrmonline.organizationName":{"defaultValue":"","type":"String"},"dynamicscrmonline.entityName":{"defaultValue":"","type":"String"}},"triggers":{"manual":{"splitOn":"@triggerBody()['rows']","type":"Request","kind":"ApiConnection","inputs":{"schema":{"type":"object","properties":{"rows":{"type":"array","items":{"type":"object","properties":{"entity":{"type":"object","required":[],"properties":{"accountid":{"type":"string","format":"guid"}}}},"required":[]}}}},"host":{"connection":{"name":"@parameters('$connections')['shared_commondataservice']['connectionId']"},"api":{"runtimeUrl":"https://unitedstates-002.azure-apim.net/apim/commondataservice"}},"operationId":"GetOnNewItems_V2","parameters":{"connectionId":"","dataset":"default.cds","table":"accounts"}}}},"actions":{"Get_my_profile_(V2)":{"runAfter":{},"metadata":{"flowSystemMetadata":{"swaggerOperationId":"MyProfile_V2"}},"type":"ApiConnection","inputs":{"host":{"connection":{"name":"@json(decodeBase64(triggerOutputs().headers['X-MS-APIM-Tokens']))['$connections']['shared_office365users']['connectionId']"},"api":{"runtimeUrl":"https://unitedstates-002.azure-apim.net/apim/office365users"}},"method":"get","path":"/codeless/v1.0/me","authentication":{"type":"Raw","value":"@json(decodeBase64(triggerOutputs().headers['X-MS-APIM-Tokens']))['$ConnectionKey']"}}},"HTTP":{"runAfter":{"Get_my_profile_(V2)":["Succeeded"]},"type":"Http","inputs":{"method":"POST","uri":"https://prod-123.westus.logic.azure.com:443/workflows/955de34ecf264c79a62a0c4e59f02d9b/triggers/manual/paths/invoke?api-version=2016-06-01&sp=%2Ftriggers%2Fmanual%2Frun&sv=1.0&sig=rnxvK1xM1h6mNdEEoQE-hjw9SP00SHhI22bBXWT9Ep4","body":{"Account":"@{triggerBody()?['entity']?['accountid']}","user":"@{body('Get_my_profile_(V2)')?['mail']}"}}}},"description":"Create one or more actions to happen when records in the Common Data Service portal are selected. To use this flow from Common Data Service, select the record(s) you want to send to the flow, go to the command bar at the top of the screen, select Flows, and choose this flow."},"connectionReferences":{"shared_office365users":{"connectionName":"shared-office365user-ac044e43-30a1-4b89-90f3-336459e35438","source":"Invoker","id":"/providers/Microsoft.PowerApps/apis/shared_office365users","tier":"NotSpecified"},"shared_commondataservice":{"connectionName":"58b6c94625834dffbd8453c64a13ae9c","source":"Invoker","id":"/providers/Microsoft.PowerApps/apis/shared_commondataservice","tier":"NotSpecified"}},"flowFailureAlertSubscribed":false}}